id,year,month,category,passenger_car,bonnet_van,passenger_group_total,cabover_van,truck,cargo_group_total,total,yoy_pct,data_source,crawl_date
373,1996,1,軽四輪車,62748,12419,75167,12640,19275,31915,107082,4.8,zenkeijikyo,2026-06-24
374,1996,2,軽四輪車,87160,15890,103050,18171,27914,46085,149135,2.6,zenkeijikyo,2026-06-24
375,1996,3,軽四輪車,125846,24479,150325,24931,42336,67267,217592,0.3,zenkeijikyo,2026-06-24
376,1996,4,軽四輪車,82253,15605,97858,17937,26631,44568,142426,,zenkeijikyo,2026-06-24
377,1996,5,軽四輪車,70558,13624,84182,16995,27024,44019,128201,-0.1,zenkeijikyo,2026-06-24
378,1996,6,軽四輪車,83082,14748,97830,20892,31775,52667,150497,-3.9,zenkeijikyo,2026-06-24
379,1996,7,軽四輪車,89948,16820,106768,20009,29101,49110,155878,3.0,zenkeijikyo,2026-06-24
380,1996,8,軽四輪車,59000,11245,70245,13778,21268,35046,105291,-5.6,zenkeijikyo,2026-06-24
381,1996,9,軽四輪車,80207,15410,95617,18653,32524,51177,146794,-8.9,zenkeijikyo,2026-06-24
382,1996,10,軽四輪車,72633,12895,85528,16607,26392,42999,128527,-2.3,zenkeijikyo,2026-06-24
383,1996,11,軽四輪車,73800,14142,87942,25091,31169,56260,144202,-2.6,zenkeijikyo,2026-06-24
384,1996,12,軽四輪車,70156,15017,85173,15903,28908,44811,129984,-1.5,zenkeijikyo,2026-06-24
385,1997,1,軽四輪車,63413,10953,74366,13743,21508,35251,109617,2.4,zenkeijikyo,2026-06-24
386,1997,2,軽四輪車,92403,14792,107195,18036,28987,47023,154218,3.4,zenkeijikyo,2026-06-24
387,1997,3,軽四輪車,137113,24247,161360,25377,47618,72995,234355,7.7,zenkeijikyo,2026-06-24
388,1997,4,軽四輪車,64378,11213,75591,14299,21991,36290,111881,-21.4,zenkeijikyo,2026-06-24
389,1997,5,軽四輪車,59835,11036,70871,14759,23428,38187,109058,-14.9,zenkeijikyo,2026-06-24
390,1997,6,軽四輪車,76571,13294,89865,19027,29941,48968,138833,-7.8,zenkeijikyo,2026-06-24
391,1997,7,軽四輪車,81579,14407,95986,15836,27041,42877,138863,-10.9,zenkeijikyo,2026-06-24
392,1997,8,軽四輪車,55272,10171,65443,11118,20583,31701,97144,-7.7,zenkeijikyo,2026-06-24
393,1997,9,軽四輪車,82850,15032,97882,16631,33602,50233,148115,0.9,zenkeijikyo,2026-06-24
394,1997,10,軽四輪車,69702,12758,82460,14433,24951,39384,121844,-5.2,zenkeijikyo,2026-06-24
395,1997,11,軽四輪車,66254,12289,78543,22447,29295,51742,130285,-9.7,zenkeijikyo,2026-06-24
396,1997,12,軽四輪車,67735,13183,80918,14821,27519,42340,123258,-5.2,zenkeijikyo,2026-06-24
397,1998,1,軽四輪車,55868,10495,66363,11467,17739,29206,95569,-12.8,zenkeijikyo,2026-06-24
398,1998,2,軽四輪車,76880,13295,90175,14720,23014,37734,127909,-17.1,zenkeijikyo,2026-06-24
399,1998,3,軽四輪車,112788,21317,134105,20044,36169,56213,190318,-18.8,zenkeijikyo,2026-06-24
400,1998,4,軽四輪車,65249,11934,77183,13179,19756,32935,110118,-1.6,zenkeijikyo,2026-06-24
401,1998,5,軽四輪車,58506,11363,69869,12881,20163,33044,102913,-5.6,zenkeijikyo,2026-06-24
402,1998,6,軽四輪車,69812,14299,84111,17827,26123,43950,128061,-7.8,zenkeijikyo,2026-06-24
403,1998,7,軽四輪車,73152,16687,89839,14272,23626,37898,127737,-8.0,zenkeijikyo,2026-06-24
404,1998,8,軽四輪車,54770,12372,67142,9636,17120,26756,93898,-3.3,zenkeijikyo,2026-06-24
405,1998,9,軽四輪車,67373,13318,80691,15657,27596,43253,123944,-16.3,zenkeijikyo,2026-06-24
406,1998,10,軽四輪車,95195,8326,103521,12087,20757,32844,136365,11.9,zenkeijikyo,2026-06-24
407,1998,11,軽四輪車,114153,9697,123850,18799,27024,45823,169673,30.2,zenkeijikyo,2026-06-24
408,1998,12,軽四輪車,103620,10365,113985,9507,21333,30840,144825,17.5,zenkeijikyo,2026-06-24
409,1999,1,軽四輪車,84310,8160,92470,12881,17770,30651,123121,28.8,zenkeijikyo,2026-06-24
410,1999,2,軽四輪車,105390,11558,116948,18673,25664,44337,161285,26.1,zenkeijikyo,2026-06-24
411,1999,3,軽四輪車,156353,16130,172483,27117,39149,66266,238749,25.4,zenkeijikyo,2026-06-24
412,1999,4,軽四輪車,96644,9641,106285,18518,21090,39608,145893,32.5,zenkeijikyo,2026-06-24
413,1999,5,軽四輪車,87386,9569,96955,15706,20178,35884,132839,29.1,zenkeijikyo,2026-06-24
414,1999,6,軽四輪車,106121,11033,117154,18927,29384,48311,165465,29.2,zenkeijikyo,2026-06-24
415,1999,7,軽四輪車,110814,11372,122186,16780,27654,44434,166620,30.4,zenkeijikyo,2026-06-24
416,1999,8,軽四輪車,80461,9276,89737,11681,20890,32571,122308,30.3,zenkeijikyo,2026-06-24
417,1999,9,軽四輪車,113283,13837,127120,18204,28599,46803,173923,40.3,zenkeijikyo,2026-06-24
418,1999,10,軽四輪車,93845,10686,104531,13884,21208,35092,139623,2.4,zenkeijikyo,2026-06-24
419,1999,11,軽四輪車,102986,11193,114179,21751,27360,49111,163290,-3.8,zenkeijikyo,2026-06-24
420,1999,12,軽四輪車,98770,11609,110379,12913,24363,37276,147655,2.0,zenkeijikyo,2026-06-24
421,2000,1,軽四輪車,87589,9149,96738,10801,17844,28645,125383,1.8,zenkeijikyo,2026-06-24
422,2000,2,軽四輪車,120779,12974,133753,13189,23625,36814,170567,5.8,zenkeijikyo,2026-06-24
423,2000,3,軽四輪車,177075,20197,197272,19861,38002,57863,255135,6.9,zenkeijikyo,2026-06-24
424,2000,4,軽四輪車,97210,11092,108302,12538,20760,33298,141600,-2.9,zenkeijikyo,2026-06-24
425,2000,5,軽四輪車,90526,10556,101082,13410,20125,33535,134617,1.3,zenkeijikyo,2026-06-24
426,2000,6,軽四輪車,112086,11863,123949,18873,25972,44845,168794,2.0,zenkeijikyo,2026-06-24
427,2000,7,軽四輪車,112075,11809,123884,14169,25761,39930,163814,-1.7,zenkeijikyo,2026-06-24
428,2000,8,軽四輪車,82370,8786,91156,10251,18292,28543,119699,-2.1,zenkeijikyo,2026-06-24
429,2000,9,軽四輪車,111238,12721,123959,16009,24194,40203,164162,-5.6,zenkeijikyo,2026-06-24
430,2000,10,軽四輪車,90911,9654,100565,13132,19329,32461,133026,-4.7,zenkeijikyo,2026-06-24
431,2000,11,軽四輪車,102046,10108,112154,21739,22159,43898,156052,-4.4,zenkeijikyo,2026-06-24
432,2000,12,軽四輪車,97900,9763,107663,13171,21232,34403,142066,-3.8,zenkeijikyo,2026-06-24
433,2001,1,軽四輪車,82201,8818,91019,10995,20202,31197,122216,-2.5,zenkeijikyo,2026-06-24
434,2001,2,軽四輪車,117341,10368,127709,13148,24069,37217,164926,-3.3,zenkeijikyo,2026-06-24
435,2001,3,軽四輪車,176027,17333,193360,19149,37535,56684,250044,-2.0,zenkeijikyo,2026-06-24
436,2001,4,軽四輪車,94306,9428,103734,12740,20561,33301,137035,-3.2,zenkeijikyo,2026-06-24
437,2001,5,軽四輪車,87375,9099,96474,13420,21452,34872,131346,-2.4,zenkeijikyo,2026-06-24
438,2001,6,軽四輪車,112322,10405,122727,19358,25306,44664,167391,-0.8,zenkeijikyo,2026-06-24
439,2001,7,軽四輪車,108334,11135,119469,14580,25705,40285,159754,-2.5,zenkeijikyo,2026-06-24
440,2001,8,軽四輪車,77444,7722,85166,9557,17781,27338,112504,-6.0,zenkeijikyo,2026-06-24
441,2001,9,軽四輪車,105980,10258,116238,16214,25664,41878,158116,-3.7,zenkeijikyo,2026-06-24
442,2001,10,軽四輪車,101103,7922,109025,12387,20084,32471,141496,6.4,zenkeijikyo,2026-06-24
443,2001,11,軽四輪車,108225,8822,117047,22988,23503,46491,163538,4.8,zenkeijikyo,2026-06-24
444,2001,12,軽四輪車,102912,8700,,11058,22484,33542,145154,2.2,zenkeijikyo,2026-06-24
445,2002,1,軽四輪車,87692,7176,94868,9821,15936,25757,120625,-1.3,zenkeijikyo,2026-06-24
446,2002,2,軽四輪車,122673,9752,132425,12203,22773,34976,167401,1.5,zenkeijikyo,2026-06-24
447,2002,3,軽四輪車,173568,15279,188847,17426,34307,51733,240580,-3.8,zenkeijikyo,2026-06-24
448,2002,4,軽四輪車,99241,8291,107532,11636,18796,30432,137964,0.7,zenkeijikyo,2026-06-24
449,2002,5,軽四輪車,98675,8103,106778,11955,17725,29680,136458,3.9,zenkeijikyo,2026-06-24
450,2002,6,軽四輪車,119397,8143,127540,17475,22901,40376,167916,0.3,zenkeijikyo,2026-06-24
451,2002,7,軽四輪車,113204,8981,122185,14071,23329,37400,159585,-0.1,zenkeijikyo,2026-06-24
452,2002,8,軽四輪車,81962,6331,88293,9213,16278,25491,113784,1.1,zenkeijikyo,2026-06-24
453,2002,9,軽四輪車,126528,8380,134908,15435,25563,40998,175906,11.3,zenkeijikyo,2026-06-24
454,2002,10,軽四輪車,92473,7098,99571,12081,20125,32206,131777,-6.9,zenkeijikyo,2026-06-24
455,2002,11,軽四輪車,99970,7171,107141,21179,21289,42468,149609,-8.5,zenkeijikyo,2026-06-24
456,2002,12,軽四輪車,91913,7084,98997,10917,19181,30098,129095,-11.1,zenkeijikyo,2026-06-24
457,2003,1,軽四輪車,86940,6308,93248,10490,16691,27181,120429,-0.2,zenkeijikyo,2026-06-24
458,2003,2,軽四輪車,117873,8039,125912,12104,20571,32675,158587,-5.3,zenkeijikyo,2026-06-24
459,2003,3,軽四輪車,181043,13059,194102,17603,31933,49536,243638,1.3,zenkeijikyo,2026-06-24
460,2003,4,軽四輪車,92870,7563,100433,11603,18941,30544,130977,-5.1,zenkeijikyo,2026-06-24
461,2003,5,軽四輪車,90223,7369,97592,12138,18600,30738,128330,-6.0,zenkeijikyo,2026-06-24
462,2003,6,軽四輪車,105984,7773,113757,18224,22726,40950,154707,-7.9,zenkeijikyo,2026-06-24
463,2003,7,軽四輪車,110094,7874,117968,14578,22820,37398,155366,-2.6,zenkeijikyo,2026-06-24
464,2003,8,軽四輪車,78029,5353,83382,10165,15610,25775,109157,-4.1,zenkeijikyo,2026-06-24
465,2003,9,軽四輪車,120541,8602,129143,14682,23809,38491,167634,-4.7,zenkeijikyo,2026-06-24
466,2003,10,軽四輪車,108167,6291,114458,13893,19195,33088,147546,12.0,zenkeijikyo,2026-06-24
467,2003,11,軽四輪車,97745,5861,103606,23710,20635,44345,147951,-1.1,zenkeijikyo,2026-06-24
468,2003,12,軽四輪車,102380,5440,107820,13454,19159,32613,140433,8.8,zenkeijikyo,2026-06-24
469,2004,1,軽四輪車,97852,4862,102714,11590,17695,29285,131999,9.6,zenkeijikyo,2026-06-24
470,2004,2,軽四輪車,130401,6836,137237,13837,22386,36223,173460,9.4,zenkeijikyo,2026-06-24
471,2004,3,軽四輪車,205767,11259,217026,21270,35375,56645,273671,12.3,zenkeijikyo,2026-06-24
472,2004,4,軽四輪車,101244,6397,107641,13125,19112,32237,139878,6.8,zenkeijikyo,2026-06-24
473,2004,5,軽四輪車,96450,6521,102971,13404,18803,32207,135178,5.3,zenkeijikyo,2026-06-24
474,2004,6,軽四輪車,108454,6787,115241,20977,22131,43108,158349,2.4,zenkeijikyo,2026-06-24
475,2004,7,軽四輪車,114604,7418,122022,15583,23485,39068,161090,3.7,zenkeijikyo,2026-06-24
476,2004,8,軽四輪車,80327,5033,85360,10706,15896,26602,111962,2.6,zenkeijikyo,2026-06-24
477,2004,9,軽四輪車,124451,7186,131637,15137,24576,39713,171350,2.2,zenkeijikyo,2026-06-24
478,2004,10,軽四輪車,98468,5199,103667,12876,18122,30998,134665,-8.7,zenkeijikyo,2026-06-24
479,2004,11,軽四輪車,104846,5039,109885,23099,20138,43237,153122,3.5,zenkeijikyo,2026-06-24
480,2004,12,軽四輪車,109219,4760,113979,12391,20056,32447,146426,4.3,zenkeijikyo,2026-06-24
481,2005,1,軽四輪車,96955,4760,101715,12050,17220,29270,130985,-0.8,zenkeijikyo,2026-06-24
482,2005,2,軽四輪車,126762,6517,133279,15782,22901,38683,171962,-0.9,zenkeijikyo,2026-06-24
483,2005,3,軽四輪車,193796,12256,206052,22876,37094,59970,266022,-2.8,zenkeijikyo,2026-06-24
484,2005,4,軽四輪車,103573,5568,109141,14203,18706,32909,142050,1.6,zenkeijikyo,2026-06-24
485,2005,5,軽四輪車,106408,6046,112454,14192,19737,33929,146383,8.3,zenkeijikyo,2026-06-24
486,2005,6,軽四輪車,116759,6467,123226,20243,22913,43156,166382,5.1,zenkeijikyo,2026-06-24
487,2005,7,軽四輪車,120070,6843,126913,16715,23614,40329,167242,3.8,zenkeijikyo,2026-06-24
488,2005,8,軽四輪車,87258,5034,92292,11071,15986,27057,119349,6.6,zenkeijikyo,2026-06-24
489,2005,9,軽四輪車,128345,7619,135964,15897,23534,39431,175395,2.4,zenkeijikyo,2026-06-24
490,2005,10,軽四輪車,105550,5593,111143,15512,19378,34890,146033,8.4,zenkeijikyo,2026-06-24
491,2005,11,軽四輪車,107109,5772,112881,24540,20359,44899,157780,3.0,zenkeijikyo,2026-06-24
492,2005,12,軽四輪車,94483,5072,99555,14060,20518,34578,134133,-8.4,zenkeijikyo,2026-06-24
493,2006,1,軽四輪車,101711,4493,106204,12705,16185,28890,135094,3.1,zenkeijikyo,2026-06-24
494,2006,2,軽四輪車,138163,5847,144010,16216,21318,37534,181544,5.6,zenkeijikyo,2026-06-24
495,2006,3,軽四輪車,207844,9955,217799,24344,34834,59178,276977,4.1,zenkeijikyo,2026-06-24
496,2006,4,軽四輪車,111620,5934,117554,14337,17472,31809,149363,5.1,zenkeijikyo,2026-06-24
497,2006,5,軽四輪車,108287,6203,114490,15116,17819,32935,147425,0.7,zenkeijikyo,2026-06-24
498,2006,6,軽四輪車,132729,5983,138712,21294,21541,42835,181547,9.1,zenkeijikyo,2026-06-24
499,2006,7,軽四輪車,128494,6023,134517,16665,21214,37879,172396,3.1,zenkeijikyo,2026-06-24
500,2006,8,軽四輪車,94512,4296,98808,12525,15501,28026,126834,6.3,zenkeijikyo,2026-06-24
501,2006,9,軽四輪車,137746,6000,143746,16823,23587,40410,184156,5.0,zenkeijikyo,2026-06-24
502,2006,10,軽四輪車,110511,4607,115118,15596,17133,32729,147847,1.2,zenkeijikyo,2026-06-24
503,2006,11,軽四輪車,119448,4725,124173,24688,17976,42664,166837,12.8,zenkeijikyo,2026-06-24
504,2006,12,軽四輪車,116533,4648,121181,14529,17889,32418,153599,14.5,zenkeijikyo,2026-06-24
505,2007,1,軽四輪車,107302,3926,111228,12287,14752,27039,138267,2.3,zenkeijikyo,2026-06-24
506,2007,2,軽四輪車,143108,4928,148036,15080,19554,34634,182670,0.6,zenkeijikyo,2026-06-24
507,2007,3,軽四輪車,218911,7818,226729,22526,30420,52946,279675,1.0,zenkeijikyo,2026-06-24
508,2007,4,軽四輪車,106225,4921,111146,13283,15354,28637,139783,-6.4,zenkeijikyo,2026-06-24
509,2007,5,軽四輪車,107639,4742,112381,14279,16499,30778,143159,-2.9,zenkeijikyo,2026-06-24
510,2007,6,軽四輪車,125956,4864,130820,20850,18855,39705,170525,-6.1,zenkeijikyo,2026-06-24
511,2007,7,軽四輪車,113177,5031,118208,15372,18284,33656,151864,-11.9,zenkeijikyo,2026-06-24
512,2007,8,軽四輪車,87092,3851,90943,14749,13876,28625,119568,-5.7,zenkeijikyo,2026-06-24
513,2007,9,軽四輪車,130361,5246,135607,15659,20169,35828,171435,-6.9,zenkeijikyo,2026-06-24
514,2007,10,軽四輪車,101857,4228,106085,13575,17334,30909,136994,-7.3,zenkeijikyo,2026-06-24
515,2007,11,軽四輪車,105684,4299,109983,25923,18326,44249,154232,-7.6,zenkeijikyo,2026-06-24
516,2007,12,軽四輪車,99794,3655,103449,12457,15741,28198,131647,-14.3,zenkeijikyo,2026-06-24
517,2008,1,軽四輪車,106227,3541,109768,11885,13351,25236,135004,-2.4,zenkeijikyo,2026-06-24
518,2008,2,軽四輪車,142708,4845,147553,14690,17761,32451,180004,-1.5,zenkeijikyo,2026-06-24
519,2008,3,軽四輪車,199031,7273,206304,20367,32157,52524,258828,-7.5,zenkeijikyo,2026-06-24
520,2008,4,軽四輪車,104692,4337,109029,13279,13526,26805,135834,-2.8,zenkeijikyo,2026-06-24
521,2008,5,軽四輪車,105387,4478,109865,13892,15385,29277,139142,-2.8,zenkeijikyo,2026-06-24
522,2008,6,軽四輪車,121176,4943,126119,21908,17702,39610,165729,-2.8,zenkeijikyo,2026-06-24
523,2008,7,軽四輪車,115534,4505,120039,15481,16505,31986,152025,0.1,zenkeijikyo,2026-06-24
524,2008,8,軽四輪車,89142,3282,92424,11104,12661,23765,116189,-2.8,zenkeijikyo,2026-06-24
525,2008,9,軽四輪車,127838,4532,132370,14780,18676,33456,165826,-3.3,zenkeijikyo,2026-06-24
526,2008,10,軽四輪車,112288,3561,115849,13383,16210,29593,145442,6.2,zenkeijikyo,2026-06-24
527,2008,11,軽四輪車,109197,3330,112527,24015,16558,40573,153100,-0.7,zenkeijikyo,2026-06-24
528,2008,12,軽四輪車,93759,2995,96754,11022,14994,26016,122770,-6.7,zenkeijikyo,2026-06-24
529,2009,1,軽四輪車,102104,3000,105104,10342,11975,22317,127421,-5.6,zenkeijikyo,2026-06-24
530,2009,2,軽四輪車,130279,3808,134087,12518,15765,28283,162370,-9.8,zenkeijikyo,2026-06-24
531,2009,3,軽四輪車,177091,5753,182844,17782,22403,40185,223029,-13.8,zenkeijikyo,2026-06-24
532,2009,4,軽四輪車,89585,3749,93334,11685,12650,24335,117669,-13.4,zenkeijikyo,2026-06-24
533,2009,5,軽四輪車,84990,3525,88515,11163,13862,25025,113540,-18.4,zenkeijikyo,2026-06-24
534,2009,6,軽四輪車,99549,4020,103569,18600,16773,35373,138942,-16.2,zenkeijikyo,2026-06-24
535,2009,7,軽四輪車,106255,3838,110093,13484,17454,30938,141031,-7.2,zenkeijikyo,2026-06-24
536,2009,8,軽四輪車,83757,2688,86445,10352,13489,23841,110286,-5.1,zenkeijikyo,2026-06-24
537,2009,9,軽四輪車,119743,3604,123347,14516,18220,32736,156083,-5.9,zenkeijikyo,2026-06-24
538,2009,10,軽四輪車,98606,3252,101858,14455,16228,30683,132541,-8.9,zenkeijikyo,2026-06-24
539,2009,11,軽四輪車,100271,3042,103313,21818,17993,39811,143124,-6.5,zenkeijikyo,2026-06-24
540,2009,12,軽四輪車,91199,2653,93852,10643,17640,28283,122135,-0.5,zenkeijikyo,2026-06-24
541,2010,1,軽四輪車,99906,2407,102313,10681,15313,25994,128307,0.7,zenkeijikyo,2026-06-24
542,2010,2,軽四輪車,125212,3546,128758,13632,20948,34580,163338,0.6,zenkeijikyo,2026-06-24
543,2010,3,軽四輪車,177511,5184,182695,18990,29510,48500,231195,3.7,zenkeijikyo,2026-06-24
544,2010,4,軽四輪車,97968,3812,101780,12744,15846,28590,130370,10.8,zenkeijikyo,2026-06-24
545,2010,5,軽四輪車,93488,3693,97181,13860,16592,30452,127633,12.4,zenkeijikyo,2026-06-24
546,2010,6,軽四輪車,111237,4072,115309,19915,20055,39970,155279,11.8,zenkeijikyo,2026-06-24
547,2010,7,軽四輪車,113196,4074,117270,14820,21111,35931,153201,8.6,zenkeijikyo,2026-06-24
548,2010,8,軽四輪車,101433,3369,104802,11096,18298,29394,134196,21.7,zenkeijikyo,2026-06-24
549,2010,9,軽四輪車,122380,3646,126026,16584,20682,37266,163292,4.6,zenkeijikyo,2026-06-24
550,2010,10,軽四輪車,79852,2741,82593,14385,14092,28477,111070,-16.2,zenkeijikyo,2026-06-24
551,2010,11,軽四輪車,80269,2811,83080,22902,14372,37274,120354,-15.9,zenkeijikyo,2026-06-24
552,2010,12,軽四輪車,82213,2275,84488,10896,12801,23697,108185,-11.4,zenkeijikyo,2026-06-24
553,2011,1,軽四輪車,91505,2230,93735,11620,12985,24605,118340,-7.8,zenkeijikyo,2026-06-24
554,2011,2,軽四輪車,114343,3364,117707,15075,15876,30951,148658,-9.0,zenkeijikyo,2026-06-24
555,2011,3,軽四輪車,119790,4543,124333,15024,18852,33876,158209,-31.6,zenkeijikyo,2026-06-24
556,2011,4,軽四輪車,56401,2100,58501,8366,9981,18347,76848,-41.1,zenkeijikyo,2026-06-24
557,2011,5,軽四輪車,71916,2225,74141,9800,11268,21068,95209,-25.4,zenkeijikyo,2026-06-24
558,2011,6,軽四輪車,92348,3117,95465,16021,15316,31337,126802,-18.3,zenkeijikyo,2026-06-24
559,2011,7,軽四輪車,97570,3781,101351,14695,15540,30235,131586,-14.1,zenkeijikyo,2026-06-24
560,2011,8,軽四輪車,84621,2445,87066,12872,13394,26266,113332,-15.5,zenkeijikyo,2026-06-24
561,2011,9,軽四輪車,111670,2866,114536,15488,18377,33865,148401,-9.1,zenkeijikyo,2026-06-24
562,2011,10,軽四輪車,100507,2284,102791,13996,16397,30393,133184,19.9,zenkeijikyo,2026-06-24
563,2011,11,軽四輪車,102611,2159,104770,21371,17190,38561,143331,19.1,zenkeijikyo,2026-06-24
564,2011,12,軽四輪車,95470,1909,97379,14377,15489,29866,127245,17.6,zenkeijikyo,2026-06-24
565,2012,1,軽四輪車,119578,1951,121529,14616,16512,31128,152657,29.0,zenkeijikyo,2026-06-24
566,2012,2,軽四輪車,147494,2371,149865,18440,18108,36548,186413,25.4,zenkeijikyo,2026-06-24
567,2012,3,軽四輪車,197189,3111,200300,25042,28587,53629,253929,60.5,zenkeijikyo,2026-06-24
568,2012,4,軽四輪車,119225,2521,121746,13920,14987,28907,150653,96.0,zenkeijikyo,2026-06-24
569,2012,5,軽四輪車,127158,2928,130086,14171,14324,28495,158581,66.6,zenkeijikyo,2026-06-24
570,2012,6,軽四輪車,149837,2914,152751,20179,15259,35438,188189,48.4,zenkeijikyo,2026-06-24
571,2012,7,軽四輪車,149658,2608,152266,16504,15812,32316,184582,40.3,zenkeijikyo,2026-06-24
572,2012,8,軽四輪車,110778,1872,112650,12446,13308,25754,138404,22.1,zenkeijikyo,2026-06-24
573,2012,9,軽四輪車,125550,2091,127641,15277,15289,30566,158207,6.6,zenkeijikyo,2026-06-24
574,2012,10,軽四輪車,102868,2140,105008,13846,14936,28782,133790,0.5,zenkeijikyo,2026-06-24
575,2012,11,軽四輪車,110660,1775,112435,22915,14617,37532,149967,4.6,zenkeijikyo,2026-06-24
576,2012,12,軽四輪車,97686,1448,99134,11487,13453,24940,124074,-2.5,zenkeijikyo,2026-06-24
577,2013,1,軽四輪車,125521,1661,127182,12937,14049,26986,154168,1.0,zenkeijikyo,2026-06-24
578,2013,2,軽四輪車,151270,1941,153211,15650,16065,31715,184926,-0.8,zenkeijikyo,2026-06-24
579,2013,3,軽四輪車,200988,2878,203866,21028,22165,43193,247059,-2.7,zenkeijikyo,2026-06-24
580,2013,4,軽四輪車,120937,2770,123707,14005,14287,28292,151999,0.9,zenkeijikyo,2026-06-24
581,2013,5,軽四輪車,116460,2457,118917,14402,15230,29632,148549,-6.3,zenkeijikyo,2026-06-24
582,2013,6,軽四輪車,145530,2507,148037,19464,16411,35875,183912,-2.3,zenkeijikyo,2026-06-24
583,2013,7,軽四輪車,152038,2222,154260,16514,17020,33534,187794,1.7,zenkeijikyo,2026-06-24
584,2013,8,軽四輪車,121824,1700,123524,12080,13739,25819,149343,7.9,zenkeijikyo,2026-06-24
585,2013,9,軽四輪車,161895,2061,163956,15712,18775,34487,198443,25.4,zenkeijikyo,2026-06-24
586,2013,10,軽四輪車,121574,1940,123514,15372,18196,33568,157082,17.4,zenkeijikyo,2026-06-24
587,2013,11,軽四輪車,136099,1705,137804,23528,19638,43166,180970,20.7,zenkeijikyo,2026-06-24
588,2013,12,軽四輪車,136035,1357,137392,14036,17318,31354,168746,36.0,zenkeijikyo,2026-06-24
589,2014,1,軽四輪車,169338,1533,170871,14595,18193,32788,203659,32.1,zenkeijikyo,2026-06-24
590,2014,2,軽四輪車,190502,1989,192491,15938,20563,36501,228992,23.8,zenkeijikyo,2026-06-24
591,2014,3,軽四輪車,248849,2758,251607,22331,28407,50738,302345,22.4,zenkeijikyo,2026-06-24
592,2014,4,軽四輪車,127339,1739,129078,12657,14626,27283,156361,2.9,zenkeijikyo,2026-06-24
593,2014,5,軽四輪車,125717,1833,127550,13074,15839,28913,156463,5.3,zenkeijikyo,2026-06-24
594,2014,6,軽四輪車,150205,2059,152264,19645,15475,35120,187384,1.9,zenkeijikyo,2026-06-24
595,2014,7,軽四輪車,140687,1817,142504,15376,16497,31873,174377,-7.1,zenkeijikyo,2026-06-24
596,2014,8,軽四輪車,103576,1445,105021,10496,11347,21843,126864,-15.1,zenkeijikyo,2026-06-24
597,2014,9,軽四輪車,163388,2251,165639,15841,21966,37807,203446,2.5,zenkeijikyo,2026-06-24
598,2014,10,軽四輪車,121646,1641,123287,16110,16597,32707,155994,-0.7,zenkeijikyo,2026-06-24
599,2014,11,軽四輪車,135933,1534,137467,22576,16902,39478,176945,-2.2,zenkeijikyo,2026-06-24
600,2014,12,軽四輪車,161939,2330,164269,15792,19899,35691,199960,18.5,zenkeijikyo,2026-06-24
601,2015,1,軽四輪車,136405,1340,137745,12454,13997,26451,164196,-19.4,zenkeijikyo,2026-06-24
602,2015,2,軽四輪車,163627,1742,165369,13206,15179,28385,193754,-15.4,zenkeijikyo,2026-06-24
603,2015,3,軽四輪車,230385,2499,232884,22345,22158,44503,277387,-8.3,zenkeijikyo,2026-06-24
604,2015,4,軽四輪車,93134,1857,94991,13143,12975,26118,121109,-22.5,zenkeijikyo,2026-06-24
605,2015,5,軽四輪車,98660,1526,100186,12589,12979,25568,125754,-19.6,zenkeijikyo,2026-06-24
606,2015,6,軽四輪車,125348,1661,127009,20646,15601,36247,163256,-12.9,zenkeijikyo,2026-06-24
607,2015,7,軽四輪車,110212,1565,111777,15509,15568,31077,142854,-18.1,zenkeijikyo,2026-06-24
608,2015,8,軽四輪車,90536,1179,91715,11851,12179,24030,115745,-8.8,zenkeijikyo,2026-06-24
609,2015,9,軽四輪車,139945,1440,141385,14478,17708,32186,173571,-14.7,zenkeijikyo,2026-06-24
610,2015,10,軽四輪車,108582,1399,109981,14140,15077,29217,139198,-10.8,zenkeijikyo,2026-06-24
611,2015,11,軽四輪車,111038,1262,112300,21355,15346,36701,149001,-15.8,zenkeijikyo,2026-06-24
612,2015,12,軽四輪車,103532,1066,104598,12411,13366,25777,130375,-34.8,zenkeijikyo,2026-06-24
613,2016,1,軽四輪車,118610,1109,119719,12213,13282,25495,145214,-11.6,zenkeijikyo,2026-06-24
614,2016,2,軽四輪車,142705,1497,144202,16246,15715,31961,176163,-9.1,zenkeijikyo,2026-06-24
615,2016,3,軽四輪車,185674,2162,187836,22344,20908,43252,231088,-16.7,zenkeijikyo,2026-06-24
616,2016,4,軽四輪車,84688,1641,86329,13171,12534,25705,112034,-7.5,zenkeijikyo,2026-06-24
617,2016,5,軽四輪車,81614,1491,83105,12584,12145,24729,107834,-14.3,zenkeijikyo,2026-06-24
618,2016,6,軽四輪車,96023,2529,98552,19212,15377,34589,133141,-18.4,zenkeijikyo,2026-06-24
619,2016,7,軽四輪車,103947,1958,105905,14108,13839,27947,133852,-6.3,zenkeijikyo,2026-06-24
620,2016,8,軽四輪車,88625,1360,89985,11484,11919,23403,113388,-2.0,zenkeijikyo,2026-06-24
621,2016,9,軽四輪車,127192,1553,128745,15591,15385,30976,159721,-8.0,zenkeijikyo,2026-06-24
622,2016,10,軽四輪車,104869,1522,106391,14721,14759,29480,135871,-2.4,zenkeijikyo,2026-06-24
623,2016,11,軽四輪車,105962,1420,107382,21581,15595,37176,144558,-3.0,zenkeijikyo,2026-06-24
624,2016,12,軽四輪車,105058,1214,106272,12672,13652,26324,132596,1.7,zenkeijikyo,2026-06-24
625,2017,1,軽四輪車,114324,1225,115549,13784,14232,28016,143565,-1.1,zenkeijikyo,2026-06-24
626,2017,2,軽四輪車,139456,1594,141050,16062,15578,31640,172690,-2.0,zenkeijikyo,2026-06-24
627,2017,3,軽四輪車,185723,2158,187881,21854,20985,42839,230720,-0.2,zenkeijikyo,2026-06-24
628,2017,4,軽四輪車,101410,1638,103048,13848,13631,27479,130527,16.5,zenkeijikyo,2026-06-24
629,2017,5,軽四輪車,105454,1490,106944,13483,14637,28120,135064,25.3,zenkeijikyo,2026-06-24
630,2017,6,軽四輪車,122449,1499,123948,21440,16337,37777,161725,21.5,zenkeijikyo,2026-06-24
631,2017,7,軽四輪車,116140,1321,117461,16041,15528,31569,149030,11.3,zenkeijikyo,2026-06-24
632,2017,8,軽四輪車,94653,1064,95717,12679,13101,25780,121497,7.2,zenkeijikyo,2026-06-24
633,2017,9,軽四輪車,141802,1265,143067,16587,17359,33946,177013,10.8,zenkeijikyo,2026-06-24
634,2017,10,軽四輪車,110244,1220,111464,15476,13966,29442,140906,3.7,zenkeijikyo,2026-06-24
635,2017,11,軽四輪車,109776,1024,110800,24528,13368,37896,148696,2.9,zenkeijikyo,2026-06-24
636,2017,12,軽四輪車,101936,875,102811,16091,13006,29097,131908,-0.5,zenkeijikyo,2026-06-24
637,2018,1,軽四輪車,124523,924,125447,16594,14064,30658,156105,8.7,zenkeijikyo,2026-06-24
638,2018,2,軽四輪車,142024,949,142973,18940,15298,34238,177211,2.6,zenkeijikyo,2026-06-24
639,2018,3,軽四輪車,183628,1122,184750,23756,20687,44443,229193,-0.7,zenkeijikyo,2026-06-24
640,2018,4,軽四輪車,111442,943,112385,15410,12971,28381,140766,7.8,zenkeijikyo,2026-06-24
641,2018,5,軽四輪車,105690,973,106663,16127,13051,29178,135841,0.6,zenkeijikyo,2026-06-24
642,2018,6,軽四輪車,122889,813,123702,21459,15843,37302,161004,-0.4,zenkeijikyo,2026-06-24
643,2018,7,軽四輪車,123819,3794,127613,15759,16285,32044,159657,7.1,zenkeijikyo,2026-06-24
644,2018,8,軽四輪車,101985,3081,105066,11971,13823,25794,130860,7.7,zenkeijikyo,2026-06-24
645,2018,9,軽四輪車,138998,4784,143782,15771,17500,33271,177053,0.0,zenkeijikyo,2026-06-24
646,2018,10,軽四輪車,119702,6181,125883,15591,15965,31556,157439,11.7,zenkeijikyo,2026-06-24
647,2018,11,軽四輪車,116488,6133,122621,23825,15903,39728,162349,9.2,zenkeijikyo,2026-06-24
648,2018,12,軽四輪車,104518,4210,108728,13619,14299,27918,136646,3.6,zenkeijikyo,2026-06-24
649,2019,1,軽四輪車,124715,5570,130285,14205,14437,28642,158927,1.8,zenkeijikyo,2026-06-24
650,2019,2,軽四輪車,140369,6036,146405,16875,15737,32612,179017,1.0,zenkeijikyo,2026-06-24
651,2019,3,軽四輪車,175252,6678,181930,21589,19921,41510,223440,-2.5,zenkeijikyo,2026-06-24
652,2019,4,軽四輪車,115363,4451,119814,13687,14232,27919,147733,4.9,zenkeijikyo,2026-06-24
653,2019,5,軽四輪車,114782,4331,119113,14600,15069,29669,148782,9.5,zenkeijikyo,2026-06-24
654,2019,6,軽四輪車,118919,4735,123654,20136,16383,36519,160173,-0.5,zenkeijikyo,2026-06-24
655,2019,7,軽四輪車,121272,4297,125569,17047,16041,33088,158657,-0.6,zenkeijikyo,2026-06-24
656,2019,8,軽四輪車,115276,3633,118909,14140,12833,26973,145882,11.5,zenkeijikyo,2026-06-24
657,2019,9,軽四輪車,158576,3797,162373,18113,20017,38130,200503,13.2,zenkeijikyo,2026-06-24
658,2019,10,軽四輪車,95247,2870,98117,12537,11640,24177,122294,-22.3,zenkeijikyo,2026-06-24
659,2019,11,軽四輪車,109921,3370,113291,20135,13588,33723,147014,-9.4,zenkeijikyo,2026-06-24
660,2019,12,軽四輪車,89513,2775,92288,12970,12666,25636,117924,-13.7,zenkeijikyo,2026-06-24
661,2020,1,軽四輪車,108374,3113,111487,13634,13518,27152,138639,-12.8,zenkeijikyo,2026-06-24
662,2020,2,軽四輪車,128897,3341,132238,15337,14308,29645,161883,-9.6,zenkeijikyo,2026-06-24
663,2020,3,軽四輪車,163342,4386,167728,19440,19315,38755,206483,-7.6,zenkeijikyo,2026-06-24
664,2020,4,軽四輪車,74557,2867,77424,10204,10627,20831,98255,-33.5,zenkeijikyo,2026-06-24
665,2020,5,軽四輪車,50623,2361,52984,8124,9199,17323,70307,-52.7,zenkeijikyo,2026-06-24
666,2020,6,軽四輪車,101765,3128,104893,13317,14305,27622,132515,-17.3,zenkeijikyo,2026-06-24
667,2020,7,軽四輪車,123298,2925,126223,15580,15188,30768,156991,-1.1,zenkeijikyo,2026-06-24
668,2020,8,軽四輪車,101009,2651,103660,12524,12423,24947,128607,-11.8,zenkeijikyo,2026-06-24
669,2020,9,軽四輪車,138476,2862,141338,17036,17812,34848,176186,-12.1,zenkeijikyo,2026-06-24
670,2020,10,軽四輪車,118436,3195,121631,15451,16465,31916,153547,25.6,zenkeijikyo,2026-06-24
671,2020,11,軽四輪車,117868,3391,121259,20136,17137,37273,158532,7.8,zenkeijikyo,2026-06-24
672,2020,12,軽四輪車,104504,3090,107594,13696,14853,28549,136143,15.4,zenkeijikyo,2026-06-24
673,2021,1,軽四輪車,116267,2675,118942,14071,14837,28908,147850,6.6,zenkeijikyo,2026-06-24
674,2021,2,軽四輪車,134937,2353,137290,15932,16704,32636,169926,5.0,zenkeijikyo,2026-06-24
675,2021,3,軽四輪車,181147,5286,186433,20559,21897,42456,228889,10.9,zenkeijikyo,2026-06-24
676,2021,4,軽四輪車,105637,2679,108316,15402,15823,31225,139541,42.0,zenkeijikyo,2026-06-24
677,2021,5,軽四輪車,95590,1832,97422,13902,14244,28146,125568,78.6,zenkeijikyo,2026-06-24
678,2021,6,軽四輪車,98515,2713,101228,15932,13774,29706,130934,-1.2,zenkeijikyo,2026-06-24
679,2021,7,軽四輪車,96756,3161,99917,15758,14625,30383,130300,-17.0,zenkeijikyo,2026-06-24
680,2021,8,軽四輪車,88072,1847,89919,12688,10522,23210,113129,-12.0,zenkeijikyo,2026-06-24
681,2021,9,軽四輪車,87240,945,88185,13384,11379,24763,112948,-35.9,zenkeijikyo,2026-06-24
682,2021,10,軽四輪車,79891,375,80266,14312,8020,22332,102598,-33.2,zenkeijikyo,2026-06-24
683,2021,11,軽四輪車,102942,1980,104922,16807,11450,28257,133179,-16.0,zenkeijikyo,2026-06-24
684,2021,12,軽四輪車,88842,3116,91958,14104,11598,25702,117660,-13.6,zenkeijikyo,2026-06-24
685,2022,1,軽四輪車,90519,2783,93302,15441,13833,29274,122576,-17.1,zenkeijikyo,2026-06-24
686,2022,2,軽四輪車,105119,3074,108193,18045,14731,32776,140969,-17.0,zenkeijikyo,2026-06-24
687,2022,3,軽四輪車,141849,4153,146002,23040,16527,39567,185569,-18.9,zenkeijikyo,2026-06-24
688,2022,4,軽四輪車,90783,2757,93540,14756,12563,27319,120859,-13.4,zenkeijikyo,2026-06-24
689,2022,5,軽四輪車,75451,1659,77110,12605,10364,22969,100079,-20.3,zenkeijikyo,2026-06-24
690,2022,6,軽四輪車,98397,2814,101211,16050,13105,29155,130366,-0.4,zenkeijikyo,2026-06-24
691,2022,7,軽四輪車,101434,2478,103912,16693,14596,31289,135201,3.8,zenkeijikyo,2026-06-24
692,2022,8,軽四輪車,79827,3277,83104,14821,13042,27863,110967,-1.9,zenkeijikyo,2026-06-24
693,2022,9,軽四輪車,113316,4316,117632,18539,16950,35489,153121,35.6,zenkeijikyo,2026-06-24
694,2022,10,軽四輪車,109607,3665,113272,19111,15234,34345,147617,43.9,zenkeijikyo,2026-06-24
695,2022,11,軽四輪車,115155,4257,119412,21081,15045,36126,155538,16.8,zenkeijikyo,2026-06-24
696,2022,12,軽四輪車,103537,3751,107288,15826,12160,27986,135274,15.0,zenkeijikyo,2026-06-24
697,2023,1,軽四輪車,117615,4390,122005,17622,13214,30836,152841,24.7,zenkeijikyo,2026-06-24
698,2023,2,軽四輪車,119577,4407,123984,19016,13889,32905,156889,11.3,zenkeijikyo,2026-06-24
699,2023,3,軽四輪車,147781,5231,153012,23701,17224,40925,193937,4.5,zenkeijikyo,2026-06-24
700,2023,4,軽四輪車,96483,3362,99845,17202,12558,29760,129605,7.2,zenkeijikyo,2026-06-24
701,2023,5,軽四輪車,92238,2780,95018,14246,10804,25050,120068,20.0,zenkeijikyo,2026-06-24
702,2023,6,軽四輪車,105273,3244,108517,14871,9537,24408,132925,2.0,zenkeijikyo,2026-06-24
703,2023,7,軽四輪車,99340,3083,102423,13031,10357,23388,125811,-6.9,zenkeijikyo,2026-06-24
704,2023,8,軽四輪車,97238,2536,99774,14380,12322,26702,126476,14.0,zenkeijikyo,2026-06-24
705,2023,9,軽四輪車,125583,3173,128756,18911,17618,36529,165285,7.9,zenkeijikyo,2026-06-24
706,2023,10,軽四輪車,119802,2631,122433,17673,14422,32095,154528,4.7,zenkeijikyo,2026-06-24
707,2023,11,軽四輪車,119459,3084,122543,19566,13926,33492,156035,0.3,zenkeijikyo,2026-06-24
708,2023,12,軽四輪車,100941,2992,103933,14919,11667,26586,130519,-3.5,zenkeijikyo,2026-06-24
709,2024,1,軽四輪車,92267,3308,95575,12390,9985,22375,117950,-22.8,zenkeijikyo,2026-06-24
710,2024,2,軽四輪車,95855,3463,99318,10408,8325,18733,118051,-24.8,zenkeijikyo,2026-06-24
711,2024,3,軽四輪車,115318,3252,118570,16451,13207,29658,148228,-23.6,zenkeijikyo,2026-06-24
712,2024,4,軽四輪車,77128,2296,79424,13329,10056,23385,102809,-20.7,zenkeijikyo,2026-06-24
713,2024,5,軽四輪車,84634,2937,87571,13395,9797,23192,110763,-7.7,zenkeijikyo,2026-06-24
714,2024,6,軽四輪車,100773,3247,104020,16145,11873,28018,132038,-0.7,zenkeijikyo,2026-06-24
715,2024,7,軽四輪車,109021,3338,112359,16639,12983,29622,141981,12.9,zenkeijikyo,2026-06-24
716,2024,8,軽四輪車,91084,2506,93590,14198,12000,26198,119788,-5.3,zenkeijikyo,2026-06-24
717,2024,9,軽四輪車,125813,3507,129320,18572,16463,35035,164355,-0.6,zenkeijikyo,2026-06-24
718,2024,10,軽四輪車,106203,3373,109576,17726,15876,33602,143178,-7.3,zenkeijikyo,2026-06-24
719,2024,11,軽四輪車,108187,3166,111353,17336,10998,28334,139687,-10.5,zenkeijikyo,2026-06-24
720,2024,12,軽四輪車,95812,2906,98718,13860,6462,20322,119040,-8.8,zenkeijikyo,2026-06-24
721,2025,1,軽四輪車,111544,2952,114496,16540,6316,22856,137352,16.4,zenkeijikyo,2026-06-24
722,2025,2,軽四輪車,120322,2885,123207,16796,6590,23386,146593,24.2,zenkeijikyo,2026-06-24
723,2025,3,軽四輪車,132646,3452,136098,19583,14147,33730,169828,14.6,zenkeijikyo,2026-06-24
724,2025,4,軽四輪車,96039,2528,98567,14569,12678,27247,125814,22.4,zenkeijikyo,2026-06-24
725,2025,5,軽四輪車,91514,2607,94121,14185,12240,26425,120546,8.8,zenkeijikyo,2026-06-24
726,2025,6,軽四輪車,111786,3063,114849,16240,14510,30750,145599,10.3,zenkeijikyo,2026-06-24
727,2025,7,軽四輪車,105779,2872,108651,15168,14497,29665,138316,-2.6,zenkeijikyo,2026-06-24
728,2025,8,軽四輪車,89474,2467,91941,12188,10496,22684,114625,-4.3,zenkeijikyo,2026-06-24
729,2025,9,軽四輪車,127950,3976,131926,17313,13586,30899,162825,-0.9,zenkeijikyo,2026-06-24
730,2025,10,軽四輪車,113895,3034,116929,16982,13395,30377,147306,2.9,zenkeijikyo,2026-06-24
731,2025,11,軽四輪車,105468,2880,108348,15424,11234,26658,135006,-3.4,zenkeijikyo,2026-06-24
732,2025,12,軽四輪車,96440,2520,98960,13702,10888,24590,123550,3.8,zenkeijikyo,2026-06-24
733,2026,1,軽四輪車,107793,2751,110544,14259,14117,28376,138920,1.1,zenkeijikyo,2026-06-24
734,2026,2,軽四輪車,117172,2545,119717,16821,14757,31578,151295,3.2,zenkeijikyo,2026-06-24
735,2026,3,軽四輪車,142126,2986,145112,21476,18076,39552,184664,8.7,zenkeijikyo,2026-06-24
736,2026,4,軽四輪車,91447,2300,93747,12438,12397,24835,118582,-5.7,zenkeijikyo,2026-06-24
737,2026,5,軽四輪車,89424,2600,92024,14349,11630,25979,118003,-2.1,zenkeijikyo,2026-06-24
750,2026,6,軽四輪車,,,,,,,,,zenkeijikyo,2026-06-24
751,2026,7,軽四輪車,,,,,,,,,zenkeijikyo,2026-06-24
752,2026,8,軽四輪車,,,,,,,,,zenkeijikyo,2026-06-24
753,2026,9,軽四輪車,,,,,,,,,zenkeijikyo,2026-06-24
754,2026,10,軽四輪車,,,,,,,,,zenkeijikyo,2026-06-24
755,2026,11,軽四輪車,,,,,,,,,zenkeijikyo,2026-06-24
756,2026,12,軽四輪車,,,,,,,,,zenkeijikyo,2026-06-24
